video_id,title,view_count,published_time,duration,description,like_count,list_source,url
vWEYvyxIb7g,"Opening a 2,500-Year-Old Mummy 😍🤌",532250,2026-09-12T20:30:08+00:00,21.0,,5002.0,both,https://www.youtube.com/shorts/vWEYvyxIb7g
MkPoZ7NL7Hg,Putin’s Akita meets Japanese visitors 🐕🇯🇵❤️ #funny  #love,280845,2026-09-09T23:30:06+00:00,25.0,"Copyright Disclaimer Under Section 107 of the Copyright Act 1976, allowance is made for ""fair use"" for purposes such as criticism, comment, news reporting, teaching, scholarship, education, and research.
#motivation #discipline

all in one place. New Shorts uploaded regularly to keep your feed entertaining!

😂 Funny Clips
🔥 Viral Moments
😲 Unbelievable Videos
❤️ Wholesome Content",6416.0,both,https://www.youtube.com/shorts/MkPoZ7NL7Hg
Ip5UcCZYY5I,Creating memories Creating 😂🦋,330543,2026-09-08T20:30:00+00:00,9.0,,4924.0,both,https://www.youtube.com/shorts/Ip5UcCZYY5I
7r5J84JnvYQ,Couple Takes KIDS' Toy Porsche For A Real Joyride Down The Stairs Dog's Reaction Is Priceless 🥹❤️,2833395,2026-09-06T16:30:05+00:00,22.0,,35626.0,both,https://www.youtube.com/shorts/7r5J84JnvYQ
-QnJJInCdg0,Each in his own universe. 😍⚡️,373897,2026-09-06T13:30:20+00:00,16.0,,4163.0,both,https://www.youtube.com/shorts/-QnJJInCdg0
qdUuTSWJ52I,When Mom And Dad Are Gen Z Parents Of The Year😂❤️,2920243,2026-09-05T04:36:53+00:00,12.0,,67202.0,both,https://www.youtube.com/shorts/qdUuTSWJ52I
TFzAJier8gs,He just wanted to hear the engines roar one last time 🥹❤️,378022,2026-09-04T14:30:33+00:00,23.0,,8830.0,both,https://www.youtube.com/shorts/TFzAJier8gs
CUgZI7izma0,"The lion was like ""is this guy for real"" 🥹❤️",634840,2026-09-04T00:30:21+00:00,19.0,,12244.0,both,https://www.youtube.com/shorts/CUgZI7izma0
yBzlDHQVoLk,"A Woman Offered Food To A Peacock, And Peacock Thanked Her In The Most Beautiful Way I WATCH ⌚️",1501646,2026-09-03T22:30:26+00:00,22.0,,31441.0,both,https://www.youtube.com/shorts/yBzlDHQVoLk
5u5MuOdWLEI,"Wives are wives, whether human or not 🥹❤️",1847872,2026-09-03T19:30:34+00:00,20.0,,30881.0,both,https://www.youtube.com/shorts/5u5MuOdWLEI
ONChUlQi5XU,She visited a KFC almost every day while pregnant. Then brought the baby back 🥹❤️,1054480,2026-09-01T07:42:31+00:00,15.0,,33930.0,both,https://www.youtube.com/shorts/ONChUlQi5XU
qTd_71S0ACY,This dance is next level! 😍❤️‍🩹,1351103,2026-08-31T17:18:03+00:00,19.0,"🎬 This video is made for entertainment purposes only.

🌙 “Every clip tells a story.”
📹 Credits to the original creators
🎬 Re-edited with creativity & respect",18231.0,both,https://www.youtube.com/shorts/qTd_71S0ACY
ror6X29Dtf4,This is the exact moment wild animals drop their massive antlers ❤️,343653,2026-08-29T18:30:19+00:00,22.0,,3587.0,both,https://www.youtube.com/shorts/ror6X29Dtf4
ED7CqTfVxuU,How the Environment Can Change Behavior,367638,2026-08-29T17:30:37+00:00,13.0,,7314.0,both,https://www.youtube.com/shorts/ED7CqTfVxuU
5BZTGe_BgGo,Baby elephant gets upset after caretaker playfully dodges hug ❤️🥹,277000,2026-08-28T08:30:08+00:00,14.0,,5571.0,both,https://www.youtube.com/shorts/5BZTGe_BgGo
fxRo-G7b-4I,Snowy owl gently approaches man inside frozen shelter ❤️😍,2401573,2026-08-28T02:30:30+00:00,15.0,,28508.0,both,https://www.youtube.com/shorts/fxRo-G7b-4I
cGXYIcUgY4E,Born to be a predator raised to be adorable 🥰🥹,308297,2026-08-27T21:30:03+00:00,15.0,,5163.0,both,https://www.youtube.com/shorts/cGXYIcUgY4E
sp1dJ3g1bNo,How Water Height Controls Pressure😍🤌,14739,2026-09-14T00:30:22+00:00,10.0,,158.0,newest,https://www.youtube.com/shorts/sp1dJ3g1bNo
9nAbonmRa3U,Artist Builds Sauron Statue—Then One Sudden Movement Terrifies Him 😍🤌,17731,2026-09-13T22:30:05+00:00,10.0,,316.0,newest,https://www.youtube.com/shorts/9nAbonmRa3U
og4hmrVQ1k4,When Movies Get Caught 🤣🤌 #subscribe,9600,2026-09-13T21:30:31+00:00,12.0,,157.0,newest,https://www.youtube.com/shorts/og4hmrVQ1k4
KXUhZp5c1kg,Seeing the 4th Dimension 😍,12691,2026-09-13T20:30:10+00:00,15.0,,311.0,newest,https://www.youtube.com/shorts/KXUhZp5c1kg
djI2ARVAYQM,You’re Never Really Alone 😍🤌,13024,2026-09-13T19:30:02+00:00,6.0,,161.0,newest,https://www.youtube.com/shorts/djI2ARVAYQM
PuqTuONmw94,Dragonfly Flight in Slow Motion 😍🤌,15212,2026-09-13T18:30:37+00:00,15.0,,401.0,newest,https://www.youtube.com/shorts/PuqTuONmw94
hSwKb0O_po4,MIT’s No-Surgery Neuralink Alternative 😍🥰,15670,2026-09-13T17:30:17+00:00,17.0,,210.0,newest,https://www.youtube.com/shorts/hSwKb0O_po4
TY0HOR_OU6c,Cat Lost All Patience With Him 🥰🫣 #funny,34022,2026-09-13T16:19:08+00:00,15.0,,724.0,newest,https://www.youtube.com/shorts/TY0HOR_OU6c
Efwl8f4OXI4,"Huawei’s $3,000 Tri-Fold Phone 😍🤌",28359,2026-09-12T21:30:23+00:00,17.0,,328.0,newest,https://www.youtube.com/shorts/Efwl8f4OXI4
FGpUxOqo31w,He Found the Solution 😍,200970,2026-09-12T18:30:21+00:00,31.0,,3609.0,newest,https://www.youtube.com/shorts/FGpUxOqo31w
XWgzt2Zf2Do,When You Realize the Nets Weren’t for Leaves 🍁,120437,2026-09-12T17:30:21+00:00,20.0,,998.0,newest,https://www.youtube.com/shorts/XWgzt2Zf2Do
qaQqU9NJfHs,Japanese Math Secret 😍🤌 #secret,113315,2026-09-12T15:30:31+00:00,34.0,,2775.0,newest,https://www.youtube.com/shorts/qaQqU9NJfHs
2nviPZA3ZMI,Are Criminals Getting Smarter? 😭🤣 #funny,25454,2026-09-12T14:30:33+00:00,19.0,,338.0,newest,https://www.youtube.com/shorts/2nviPZA3ZMI
a7kcspJVS-s,Android Rejected Huawei... So Huawei Built Its Own Future 😍,37145,2026-09-12T13:30:33+00:00,16.0,,597.0,newest,https://www.youtube.com/shorts/a7kcspJVS-s
fRHcRUGIGQs,This is how your spine connect to your organs 🥹❤️,24983,2026-09-12T12:05:06+00:00,11.0,,261.0,newest,https://www.youtube.com/shorts/fRHcRUGIGQs
ktoGx5ASI2c,This Ingenious Structure Creates Turbulence to Dissipate Water's Energy and Protect the Riverbed 😍,139560,2026-09-11T14:23:16+00:00,18.0,"This Ingenious Structure Creates Turbulence to Dissipate Water's Energy and Protect the Riverbed

Copyright Disclaimer Under Section 107 of the Copyright Act 1976, allowance is made for ""fair use"" for purposes such as criticism, comment, news reporting, teaching, scholarship, education, and research.
#motivation #discipline

all in one place. New Shorts uploaded regularly to keep your feed entertaining!

😂 Funny Clips
🔥 Viral Moments
😲 Unbelievable Videos
❤️ Wholesome Content",1602.0,newest,https://www.youtube.com/shorts/ktoGx5ASI2c
63cRdlqJt4c,She worked late and her cat was still awake waiting for her ❤️🥹,48746,2026-09-11T12:51:52+00:00,14.0,"Copyright Disclaimer Under Section 107 of the Copyright Act 1976, allowance is made for ""fair use"" for purposes such as criticism, comment, news reporting, teaching, scholarship, education, and research.
#motivation #discipline

all in one place. New Shorts uploaded regularly to keep your feed entertaining!

😂 Funny Clips
🔥 Viral Moments
😲 Unbelievable Videos
❤️ Wholesome Content",1210.0,newest,https://www.youtube.com/shorts/63cRdlqJt4c
9WPqr3mHkyQ,Spiderman-on our way home 😭🤣,90156,2026-09-11T11:30:06+00:00,12.0,,1489.0,newest,https://www.youtube.com/shorts/9WPqr3mHkyQ
rzQzApSgkvw,lil bro realized he had free will 😍😭,16372,2026-09-11T10:30:09+00:00,16.0,,288.0,newest,https://www.youtube.com/shorts/rzQzApSgkvw
Lc2IrEDt00w,She's so proud of her babies.. 😍,29657,2026-09-11T08:30:30+00:00,28.0,,701.0,newest,https://www.youtube.com/shorts/Lc2IrEDt00w
4CjeTNK_T_A,That balloon came back like someone still wasn't ready to leave 🥹❤️,35945,2026-09-11T07:30:20+00:00,15.0,,680.0,newest,https://www.youtube.com/shorts/4CjeTNK_T_A
V2B7cvRdm-s,The secrets behind a photographer’s perfect shot ❤️😍,95512,2026-09-11T00:30:24+00:00,18.0,"Copyright Disclaimer Under Section 107 of the Copyright Act 1976, allowance is made for ""fair use"" for purposes such as criticism, comment, news reporting, teaching, scholarship, education, and research.
#motivation #discipline

all in one place. New Shorts uploaded regularly to keep your feed entertaining!

😂 Funny Clips
🔥 Viral Moments
😲 Unbelievable Videos
❤️ Wholesome Content",1326.0,newest,https://www.youtube.com/shorts/V2B7cvRdm-s
snkbXX1RUa8,When Your Friend is the owner 😭❤️,94624,2026-09-10T21:30:33+00:00,14.0,"Copyright Disclaimer Under Section 107 of the Copyright Act 1976, allowance is made for ""fair use"" for purposes such as criticism, comment, news reporting, teaching, scholarship, education, and research.
#motivation #discipline

all in one place. New Shorts uploaded regularly to keep your feed entertaining!

😂 Funny Clips
🔥 Viral Moments
😲 Unbelievable Videos
❤️ Wholesome Content",931.0,newest,https://www.youtube.com/shorts/snkbXX1RUa8
5uoi40fjyFY,Can’t Imagine This Here 😭❤️,23614,2026-09-10T19:30:37+00:00,19.0,,261.0,newest,https://www.youtube.com/shorts/5uoi40fjyFY
KsaX_sHOH4A,“The Ever-Ending Candle” 😭🩷,44416,2026-09-10T17:30:19+00:00,26.0,,424.0,newest,https://www.youtube.com/shorts/KsaX_sHOH4A
vXDmZnORMnA,Can the body actually grow new bone? 😍,65461,2026-09-10T15:35:16+00:00,30.0,,595.0,newest,https://www.youtube.com/shorts/vXDmZnORMnA
xJV1JHig7KU,The way she's pacing and honking around ❤️🥹,50552,2026-09-10T00:30:32+00:00,16.0,"Copyright Disclaimer Under Section 107 of the Copyright Act 1976, allowance is made for ""fair use"" for purposes such as criticism, comment, news reporting, teaching, scholarship, education, and research.
#motivation #discipline

all in one place. New Shorts uploaded regularly to keep your feed entertaining!

😂 Funny Clips
🔥 Viral Moments
😲 Unbelievable Videos
❤️ Wholesome Content",857.0,newest,https://www.youtube.com/shorts/xJV1JHig7KU
zi3W703C2GI,Man Stuns Netizens by Crossing a Rushing River Through the Current 😍,118009,2026-09-09T21:30:20+00:00,40.0,"Man Stuns Netizens by Crossing a Rushing River Through the Current

Copyright Disclaimer Under Section 107 of the Copyright Act 1976, allowance is made for ""fair use"" for purposes such as criticism, comment, news reporting, teaching, scholarship, education, and research.
#motivation #discipline",1913.0,newest,https://www.youtube.com/shorts/zi3W703C2GI
88yYYotaTVY,Rescued Chimpanzee Thanks Dr. Jane Goodall Unexpectedly 🥹❤️,19821,2026-09-09T20:30:39+00:00,35.0,,364.0,newest,https://www.youtube.com/shorts/88yYYotaTVY
A896tUINyoM,The most misunderstood dogs often have the biggest hearts,35687,2026-09-09T18:30:01+00:00,15.0,,683.0,newest,https://www.youtube.com/shorts/A896tUINyoM
8m9QlADUSMw,The Moment China rejected Netanyahu's Plans and gave a Death Stare 😍,21334,2026-09-09T17:30:00+00:00,19.0,,371.0,newest,https://www.youtube.com/shorts/8m9QlADUSMw
6EsJ7UDJuy8,new method unlockedee 🤣,33694,2026-09-09T16:30:18+00:00,18.0,,532.0,newest,https://www.youtube.com/shorts/6EsJ7UDJuy8
9UJIjhhH4zo,You show up late to work and the workload is already waiting for you. 🤣,52874,2026-09-09T15:32:33+00:00,13.0,,727.0,newest,https://www.youtube.com/shorts/9UJIjhhH4zo
2TEm0Y6UkCY,Bro just realized his mistake 😂🤣,25869,2026-09-09T11:30:23+00:00,16.0,,685.0,newest,https://www.youtube.com/shorts/2TEm0Y6UkCY
iT1EsIN1swE,Bro looks easy to draw 😂 #funny,22047,2026-09-09T09:30:27+00:00,15.0,,394.0,newest,https://www.youtube.com/shorts/iT1EsIN1swE
14Cy_3ufYZo,This sounds so good 😂🦋,20880,2026-09-09T08:30:08+00:00,18.0,,446.0,newest,https://www.youtube.com/shorts/14Cy_3ufYZo
9LUP7s5HLVM,This girl found her divorced parents on Omegle ❤️😂,12022,2026-09-09T06:30:39+00:00,15.0,,222.0,newest,https://www.youtube.com/shorts/9LUP7s5HLVM
yl9Ag38I8Bk,you can see the trust in his eyes ❤️🥹,35995,2026-09-09T05:35:39+00:00,19.0,,1273.0,newest,https://www.youtube.com/shorts/yl9Ag38I8Bk
aayaHo-N2r0,I bet if you can control your laugh 😂🦋,20665,2026-09-09T02:30:37+00:00,23.0,,246.0,newest,https://www.youtube.com/shorts/aayaHo-N2r0
WwvwGypQvZc,"Mom, they kicked me out 😂🦋",32937,2026-09-09T01:30:13+00:00,11.0,,458.0,newest,https://www.youtube.com/shorts/WwvwGypQvZc
o4-6uZD-ZcA,Baby Language Has No Translation😂🦋,21268,2026-09-09T00:30:04+00:00,14.0,,551.0,newest,https://www.youtube.com/shorts/o4-6uZD-ZcA
BCj4REfVqoA,"""Men will be men... even in mini size. 😂🦋",34480,2026-09-08T23:30:20+00:00,15.0,,731.0,newest,https://www.youtube.com/shorts/BCj4REfVqoA
dKY9B_FDwwo,"""Men will be men... even in mini size. 😂🦋",57857,2026-09-08T22:30:06+00:00,13.0,,1256.0,newest,https://www.youtube.com/shorts/dKY9B_FDwwo
ipI1KbFWPz0,Nothing just a girl helping her father. 🦋🥹,126807,2026-09-08T21:30:14+00:00,24.0,,4312.0,newest,https://www.youtube.com/shorts/ipI1KbFWPz0
XBVPemqi3HA,The food made her change her mind in less than a second. 😂💝,26202,2026-09-08T19:30:12+00:00,17.0,,419.0,newest,https://www.youtube.com/shorts/XBVPemqi3HA
mjxdNGeQXf8,“I felt a hint of sarcasm.” 💙😂,56244,2026-09-08T18:30:04+00:00,12.0,,1856.0,newest,https://www.youtube.com/shorts/mjxdNGeQXf8
H-PLo3a66vQ,The hardest battle bro ever fought 😂🦋,36805,2026-09-08T13:30:14+00:00,10.0,,570.0,newest,https://www.youtube.com/shorts/H-PLo3a66vQ
uS5d_zDPfAk,"""That Cow Is Iconic"" 🦋😩",19075,2026-09-08T12:30:21+00:00,14.0,,520.0,newest,https://www.youtube.com/shorts/uS5d_zDPfAk
7_h-LIQ4rPA,"This Dog Had No Plans To NapNext To The Baby, Its Real Goal WasThe Pillow 😂❤️",60361,2026-09-08T11:30:09+00:00,21.0,,924.0,newest,https://www.youtube.com/shorts/7_h-LIQ4rPA
KhIKPOxszlc,They Only Care About Mom 🤭😂,94718,2026-09-08T09:56:11+00:00,9.0,,1185.0,newest,https://www.youtube.com/shorts/KhIKPOxszlc
Kmz6Q2pNCgc,Imagine if he surprised you like THIS 🥹❤️,88165,2026-09-07T16:30:15+00:00,14.0,,795.0,newest,https://www.youtube.com/shorts/Kmz6Q2pNCgc
uMhxMwPUSEU,Dad Turns His Kids’ Ceiling Into a Starry Sky ✨🥹,31427,2026-09-07T15:30:00+00:00,25.0,,674.0,newest,https://www.youtube.com/shorts/uMhxMwPUSEU
I-FxD6Libi0,Men and their communication skill 😂👌,76933,2026-09-07T14:30:08+00:00,11.0,,894.0,newest,https://www.youtube.com/shorts/I-FxD6Libi0
4gJnLW_bGKE,When you realize that you have created a family with a certain person.😂❤️,57165,2026-09-07T13:30:26+00:00,10.0,,1309.0,newest,https://www.youtube.com/shorts/4gJnLW_bGKE
qjzdQdu5_5Y,One frame lovely life 😍❤️,87969,2026-09-06T17:30:00+00:00,8.0,,1229.0,newest,https://www.youtube.com/shorts/qjzdQdu5_5Y
isAVl5Ee8pM,That looks almost impossible to 😍❤️,35876,2026-09-06T15:30:27+00:00,21.0,,988.0,newest,https://www.youtube.com/shorts/isAVl5Ee8pM
-BV3hYIGQi8,Error phase part. How you react is what matters most 😍⚡️,56354,2026-09-06T14:30:06+00:00,31.0,,1012.0,newest,https://www.youtube.com/shorts/-BV3hYIGQi8
m01oIhVQaNc,Teamwork ⚡️😍,35700,2026-09-06T12:30:39+00:00,25.0,,1081.0,newest,https://www.youtube.com/shorts/m01oIhVQaNc
nvXNxx3bw-0,Wait for it 😂🤣 # #funny,54824,2026-09-06T11:30:10+00:00,14.0,,1083.0,newest,https://www.youtube.com/shorts/nvXNxx3bw-0
XtKLAWLLLLc,Who comes to your mind watching this ❤️😂,27272,2026-09-06T09:49:44+00:00,18.0,,642.0,newest,https://www.youtube.com/shorts/XtKLAWLLLLc
cWOmdOUYngE,"Ego Can Accept Death, But Not Defeat ❤️🥹",70559,2026-09-05T13:30:20+00:00,30.0,,1607.0,newest,https://www.youtube.com/shorts/cWOmdOUYngE
FTUtirZ-0nc,Female attitude can be seen at anyage. 😂❤️ #funny,133092,2026-09-05T12:30:08+00:00,27.0,,3189.0,newest,https://www.youtube.com/shorts/FTUtirZ-0nc
U11WmUQ1xDM,Lil baby got the moves! ❤️🥹,38860,2026-09-05T10:30:15+00:00,16.0,,1194.0,newest,https://www.youtube.com/shorts/U11WmUQ1xDM
fjycyBdZN_s,This little pupwas adopted by a mama cat ❤️🥹,23744,2026-09-05T09:26:04+00:00,15.0,,781.0,newest,https://www.youtube.com/shorts/fjycyBdZN_s
YfhJCOzr4Bw,Little boy surprises his mother with a flower. 🥹❤️,39399,2026-09-05T04:32:48+00:00,20.0,,1422.0,newest,https://www.youtube.com/shorts/YfhJCOzr4Bw
1PLY9KYugxU,Fuppy wanting to join the cat family's circlea 🥹❤️,237597,2026-09-05T00:30:06+00:00,15.0,,4574.0,newest,https://www.youtube.com/shorts/1PLY9KYugxU
3-o0B6z7GQc,This Snapping Turtle Uses Its Tongue Like Live Bait to Catch Fish 🥹❤️,18773,2026-09-04T22:30:04+00:00,28.0,,318.0,newest,https://www.youtube.com/shorts/3-o0B6z7GQc
p8EYM4QojLI,We are strangers now 🥹❤️,79819,2026-09-04T21:30:32+00:00,17.0,,1842.0,newest,https://www.youtube.com/shorts/p8EYM4QojLI
bdDTCmfs_DI,This blind cat feels the rays of sunshine on his face might just be the most wholesome thing you -,33110,2026-09-04T19:30:36+00:00,16.0,,1495.0,newest,https://www.youtube.com/shorts/bdDTCmfs_DI
mKDFqTLZWno,ONE OF THE RAREST AND MOST ELUSIVE WILD CATSON THE PLANET 🥹❤️,71660,2026-09-04T17:30:21+00:00,10.0,,1773.0,newest,https://www.youtube.com/shorts/mKDFqTLZWno
qdbNltO9RpU,Now imagine how the kids feel when parents are separating 🥹❤️,65391,2026-09-04T15:45:25+00:00,29.0,,2149.0,newest,https://www.youtube.com/shorts/qdbNltO9RpU
-c06bpXpPHg,A mother's love needs no words ❤️🥹,23139,2026-09-04T12:30:26+00:00,17.0,,300.0,newest,https://www.youtube.com/shorts/-c06bpXpPHg
pXEKSM5_Ll4,A mother's love needs no words ❤️🥹,52890,2026-09-04T11:30:25+00:00,33.0,,784.0,newest,https://www.youtube.com/shorts/pXEKSM5_Ll4
9f_A26It0WA,"Man Set His Horse Free,But Before The Horse Left, It Found Itself A New Friend. ❤️🥹",44604,2026-09-04T09:30:03+00:00,33.0,,922.0,newest,https://www.youtube.com/shorts/9f_A26It0WA
3mgGnF-xPiE,"He realizing that something strange happened, but he can't prove it... 🥹❤️",41943,2026-09-04T08:30:11+00:00,18.0,,1341.0,newest,https://www.youtube.com/shorts/3mgGnF-xPiE
QgOkJoM6pOI,This sheep learned to calculate its strength to play without hurting this child ❤️🥹,85796,2026-09-04T01:30:27+00:00,9.0,,2458.0,newest,https://www.youtube.com/shorts/QgOkJoM6pOI
caShlmELovk,He Gave Up Victory Just Meters From The Finish Line 🏁,54187,2026-09-03T18:30:35+00:00,23.0,,990.0,newest,https://www.youtube.com/shorts/caShlmELovk
420mCyaT4N0,Rescued street dog’s reaction to having a bed for the first time. 🥹,32002,2026-09-03T16:30:01+00:00,13.0,,1440.0,newest,https://www.youtube.com/shorts/420mCyaT4N0
1vj73B0UZg4,A male sparrow took hiswife on a breakfast date and fed her ❤️😍,148494,2026-09-03T09:30:06+00:00,27.0,,4526.0,newest,https://www.youtube.com/shorts/1vj73B0UZg4
iy-2yzavr4Y,A mother seal gives birth and believes her pup is dead. Then she realizes the pup is alive.... ❤️🥹,19674,2026-09-03T07:30:29+00:00,11.0,,426.0,newest,https://www.youtube.com/shorts/iy-2yzavr4Y
QzkYs-W9VYE,Why Can' t the Fire Reach Them? 😍❤️,184782,2026-09-02T23:30:10+00:00,35.0,,2355.0,newest,https://www.youtube.com/shorts/QzkYs-W9VYE
SlAA5IlwL-Y,"This boy welcomes his father, who is returning home with an energetic dance... 💃🏻",257250,2026-09-02T23:30:05+00:00,22.0,,6139.0,newest,https://www.youtube.com/shorts/SlAA5IlwL-Y
mBDSlVoBJ6M,Bro brought his own quality control expert ❤️🥹,57296,2026-09-02T18:30:15+00:00,21.0,,676.0,newest,https://www.youtube.com/shorts/mBDSlVoBJ6M
zXsCGpoXbDY,Everything was fine until I found out he has an IQ of 178 and an Oxford master’s ❤️🥹,48290,2026-09-02T16:30:20+00:00,14.0,,1534.0,newest,https://www.youtube.com/shorts/zXsCGpoXbDY
3WnUqPhd6fM,A little dog visitsHis best friend's house to Play ❤️🥹,177390,2026-09-02T15:30:36+00:00,16.0,,6836.0,newest,https://www.youtube.com/shorts/3WnUqPhd6fM
GKKnGHVXP8c,Kayaking Tourists Captured Nature's Darkest Moment ❤️🥹,224026,2026-09-01T05:30:13+00:00,10.0,,4287.0,newest,https://www.youtube.com/shorts/GKKnGHVXP8c
HF8DYMxoGwg,Raised together stuck together ❤️🥹,150450,2026-09-01T04:31:10+00:00,12.0,,3160.0,newest,https://www.youtube.com/shorts/HF8DYMxoGwg
ERzjCqNUWjk,"""The Number Makes You Turn ❤️‍🩹🥹BackInstantly",17624,2026-08-31T17:44:29+00:00,7.0,,180.0,newest,https://www.youtube.com/shorts/ERzjCqNUWjk
trazUozc--s,Geheime Technik für Strom ❤️‍🩹,11861,2026-08-31T17:44:25+00:00,14.0,,134.0,newest,https://www.youtube.com/shorts/trazUozc--s
vIH-gDQkjQg,This Bolt is Frozen To -196°C Before Installation Here's Why. 😍👀,18774,2026-08-31T17:44:24+00:00,19.0,,184.0,newest,https://www.youtube.com/shorts/vIH-gDQkjQg
Xj8a7agmiTY,The human body has shortcuts... and fighters know them.💀,16127,2026-08-31T17:44:21+00:00,24.0,,363.0,newest,https://www.youtube.com/shorts/Xj8a7agmiTY
cS7W1QyOipg,"you and bro, 2 cars and this road...🛣️",14047,2026-08-31T17:44:20+00:00,8.0,,161.0,newest,https://www.youtube.com/shorts/cS7W1QyOipg
VyIq3V5r_Vg,102 year old elevator still running on liquid mercury & glowing plasma ❤️‍🩹🤯,15214,2026-08-31T17:44:20+00:00,5.0,,201.0,newest,https://www.youtube.com/shorts/VyIq3V5r_Vg
wPq1O3gDUJc,"This ""Thirsty Concrete"" Drinks 5 Liters Of Water In Seconds, Built To Prevent Hydroplaning And -",26686,2026-08-31T17:44:19+00:00,16.0,,251.0,newest,https://www.youtube.com/shorts/wPq1O3gDUJc
uVmWXc6-Qy0,"Gengar slippers, swallowing feet whole 🤣",13523,2026-08-31T17:44:18+00:00,11.0,,153.0,newest,https://www.youtube.com/shorts/uVmWXc6-Qy0
itwHu0zVTJI,Bro calculated the whole universe 😍👀,12264,2026-08-31T17:44:18+00:00,15.0,,266.0,newest,https://www.youtube.com/shorts/itwHu0zVTJI
f4K5QagjdBY,One Sudden Brake Test Explains Why Abs IsEssential 😍,7037,2026-08-31T17:44:17+00:00,19.0,,67.0,newest,https://www.youtube.com/shorts/f4K5QagjdBY
NQqLBgkn4Gs,"Japan Gifts Putin an Akita Puppy in 2012 - Years Later, He Brings the Dog Out to Greet Japanese",7312,2026-08-31T17:44:17+00:00,35.0,,204.0,newest,https://www.youtube.com/shorts/NQqLBgkn4Gs
ad22YL5et9c,Engineering students test whether their designs can survive an earthquake 😍,25985,2026-08-31T17:44:16+00:00,29.0,,391.0,newest,https://www.youtube.com/shorts/ad22YL5et9c
OsGvzxUL9P0,Kim Jong-un's Security Is So Tight They Inspect Every Single Chair 😍,15087,2026-08-31T17:44:12+00:00,16.0,,164.0,newest,https://www.youtube.com/shorts/OsGvzxUL9P0
pJMfRGeDktY,"Poor in money, but his heart overflows with a wealth that money can never buy. 😍🥹",9837,2026-08-31T17:44:06+00:00,24.0,,457.0,newest,https://www.youtube.com/shorts/pJMfRGeDktY
xrZDa8O9Dnk,The moment a female swan reunited With her partner after being away for Treatment 🥹❤️,9369,2026-08-31T17:44:05+00:00,41.0,,251.0,newest,https://www.youtube.com/shorts/xrZDa8O9Dnk
Ensd1d2aP5Y,This dog has all the patience in the world with his elderly owner ❤️‍🩹🥹,7873,2026-08-31T17:43:56+00:00,14.0,,170.0,newest,https://www.youtube.com/shorts/Ensd1d2aP5Y
tckO3kpMhnc,OTHER PEOPLE SHOWING RESPECT 🫡,11499,2026-08-31T17:43:55+00:00,51.0,,318.0,newest,https://www.youtube.com/shorts/tckO3kpMhnc
O_fqdHtrJhc,OTHERS KIDS KINDNESS 🥹❤️‍🔥,11273,2026-08-31T17:43:55+00:00,46.0,,276.0,newest,https://www.youtube.com/shorts/O_fqdHtrJhc
Hk5rm-NUNMk,WW2 Fighter Pilots Eat 100 Pilots In Breakfast 🍞,13550,2026-08-31T17:30:05+00:00,21.0,,170.0,newest,https://www.youtube.com/shorts/Hk5rm-NUNMk
iszdV0FBXu4,Mountain goat leaps across massive canyon without hesitation 😂❤️‍🩹,14727,2026-08-31T17:18:00+00:00,17.0,"🌙 “Every clip tells a story.”
📹 Credits to the original creators
🎬 Re-edited with creativity & respect",227.0,newest,https://www.youtube.com/shorts/iszdV0FBXu4
CRyveNqifaE,bro always find the worst possible place to sleep 😂❤️‍🩹,55250,2026-08-31T17:17:53+00:00,29.0,"🌙 “Every clip tells a story.”
📹 Credits to the original creators
🎬 Re-edited with creativity & respect",2579.0,newest,https://www.youtube.com/shorts/CRyveNqifaE
YC3Wc9Yqiuo,The Illusion of Speed When 100 Mph Looks Like Stillness 😍,43769,2026-08-31T16:30:09+00:00,12.0,,723.0,newest,https://www.youtube.com/shorts/YC3Wc9Yqiuo
VLNa6xl01JU,This Is How China's Smart Port Runs With Almost No Human Workers 😍,35255,2026-08-31T12:30:18+00:00,10.0,,376.0,newest,https://www.youtube.com/shorts/VLNa6xl01JU
dWueKEBNDro,The Moment the Supreme Leader Inspected the Men's and Women's Bathing Facilities. 😍,32076,2026-08-31T11:30:12+00:00,27.0,,466.0,newest,https://www.youtube.com/shorts/dWueKEBNDro
5Y8eDOhG6C0,When Diplomacy Reached It's Peak It's Traveled At 350 km/h 😍,50552,2026-08-31T09:39:39+00:00,31.0,,943.0,newest,https://www.youtube.com/shorts/5Y8eDOhG6C0
rAQqLiv7mak,"Even after making phones like this 20 years ago, how did Nokia fall behind? 😍 #nokia",46436,2026-08-31T08:30:35+00:00,19.0,,860.0,newest,https://www.youtube.com/shorts/rAQqLiv7mak
1AaDxpa7SJQ,Anti-earthquake Technology From Japan 😍,41819,2026-08-31T06:50:33+00:00,6.0,,466.0,newest,https://www.youtube.com/shorts/1AaDxpa7SJQ
KTssCWGXkFM,The Most Overlooked Engineering Marvel on Earth 🌍,39646,2026-08-31T03:30:08+00:00,15.0,,359.0,newest,https://www.youtube.com/shorts/KTssCWGXkFM
AytPdq11470,"When you use physics to your advantage, life becomes easier. 😍",79206,2026-08-31T02:30:06+00:00,20.0,,967.0,newest,https://www.youtube.com/shorts/AytPdq11470
b0myvoJPvTs,French Farmer’s Unique Way to Stop Invaders 😍 #respect #shortsfeed,86942,2026-08-31T01:30:38+00:00,33.0,,1228.0,newest,https://www.youtube.com/shorts/b0myvoJPvTs
WhozNjkq31k,This camel has its own lazy river to cool down from the heat 😍,60533,2026-08-31T00:30:34+00:00,16.0,,587.0,newest,https://www.youtube.com/shorts/WhozNjkq31k
pTzVEGYSQjc,"What Mach 15 looks likeDon't blink, or you'll miss it-power of hypersonic missile 😍",13063,2026-08-30T23:30:15+00:00,10.0,,172.0,newest,https://www.youtube.com/shorts/pTzVEGYSQjc
633wRCpj0bo,Badminton shuttlecocks must be aerodynamically stable.This is how they're caliberated. 😍,40639,2026-08-30T21:30:21+00:00,30.0,,490.0,newest,https://www.youtube.com/shorts/633wRCpj0bo
ATTJmxVFqmk,Physics Problem: Paper AirplaneBetween Two Fans 😍,20005,2026-08-30T19:30:37+00:00,15.0,,360.0,newest,https://www.youtube.com/shorts/ATTJmxVFqmk
-r9Fs9akkRs,This giant machine purposefully makes waves to ride 😍 #short,44516,2026-08-30T18:30:02+00:00,15.0,,383.0,newest,https://www.youtube.com/shorts/-r9Fs9akkRs
kZp2uluvShY,Your fingerprint is more than a pattern lit's a living security key 😍,53492,2026-08-30T17:46:42+00:00,21.0,,590.0,newest,https://www.youtube.com/shorts/kZp2uluvShY
i-ma0JXJLc4,"A Cascata Horsetail Fall, localizada no Parque Nacional de Yosemite, na Califórnia 😍",15756,2026-08-30T14:30:16+00:00,8.0,,330.0,newest,https://www.youtube.com/shorts/i-ma0JXJLc4
7lNriVwx5nw,Humanity is still alive 😍,28889,2026-08-30T13:30:21+00:00,10.0,,446.0,newest,https://www.youtube.com/shorts/7lNriVwx5nw
kBB7tauahZ0,Ever seen a lake flowing above an ocean this lake in Faroe island cliffs does 😍😍,21385,2026-08-30T12:30:19+00:00,11.0,,345.0,newest,https://www.youtube.com/shorts/kBB7tauahZ0
1beAm98NIWk,A mother is always a mother 😍,16281,2026-08-30T11:30:34+00:00,14.0,,461.0,newest,https://www.youtube.com/shorts/1beAm98NIWk
sqWE6inBRrY,"While the adoption papers are being filled out, the dog can't contain its happiness ❤️",83170,2026-08-30T10:30:20+00:00,17.0,,2184.0,newest,https://www.youtube.com/shorts/sqWE6inBRrY
QF_P0daM5OY,OMG fresh Mama Milk 😍❤️,18438,2026-08-30T08:30:21+00:00,14.0,,356.0,newest,https://www.youtube.com/shorts/QF_P0daM5OY
-_dqQdzx_Rg,This trick to clear flooded roads in seconds is actually genius 😍,54983,2026-08-30T07:30:15+00:00,23.0,,466.0,newest,https://www.youtube.com/shorts/-_dqQdzx_Rg
n2cPU-ZGaPI,OMG fresh Mama Milk 🥛,20720,2026-08-30T07:30:08+00:00,10.0,,386.0,newest,https://www.youtube.com/shorts/n2cPU-ZGaPI
7X1o6BPMi-I,Mother elephant trying to wake her child up as if he's going to school 🏫,46450,2026-08-30T06:30:16+00:00,30.0,,1025.0,newest,https://www.youtube.com/shorts/7X1o6BPMi-I
--4Wto638OA,The goat teaches its owner how to pose pertectly. 🥹❤️,96715,2026-08-30T04:30:11+00:00,12.0,,2814.0,newest,https://www.youtube.com/shorts/--4Wto638OA
jEuECYIJNmc,Kindness 🥹❤️,25065,2026-08-30T03:30:21+00:00,12.0,,869.0,newest,https://www.youtube.com/shorts/jEuECYIJNmc
BIg77J6LpTM,Never touch a running system...  😍,30223,2026-08-30T02:30:02+00:00,7.0,,266.0,newest,https://www.youtube.com/shorts/BIg77J6LpTM
apo2ZyMEVQs,The Dead Leaf Butterfly: A dead leaf until it opens its wings 🪽,89869,2026-08-30T01:30:00+00:00,13.0,,2302.0,newest,https://www.youtube.com/shorts/apo2ZyMEVQs
d3FSvmXWY08,This is How Majestic a CelticHorse Breed Looks Like 👍,106982,2026-08-30T00:30:25+00:00,15.0,,1948.0,newest,https://www.youtube.com/shorts/d3FSvmXWY08
HdCOUyQTbVs,RARE FOOTAGE SHOWS A LEAD PLANE GUIDING A DC-10 DURING A WILDFIRE AERIAL FIREFIGHTING MISSION 😍,116426,2026-08-29T23:30:24+00:00,19.0,,1350.0,newest,https://www.youtube.com/shorts/HdCOUyQTbVs
KEqTq-fmZVE,Woman walks on water in giant inflatable shoes ❤️🥹,38151,2026-08-29T22:30:12+00:00,9.0,,450.0,newest,https://www.youtube.com/shorts/KEqTq-fmZVE
QT27Q68nTiM,A mother's love knowsno distance ❤️🥹,25027,2026-08-29T21:30:08+00:00,30.0,,667.0,newest,https://www.youtube.com/shorts/QT27Q68nTiM
rA8rVHLc8gs,"The rabbit, who lost his wife in a traffic accident, was seen crying beside her ❤️🥹",18395,2026-08-29T20:30:18+00:00,17.0,,632.0,newest,https://www.youtube.com/shorts/rA8rVHLc8gs
IaOQot18UfE,A smile for your timeline.. 😍,51261,2026-08-29T00:30:18+00:00,6.0,,1181.0,newest,https://www.youtube.com/shorts/IaOQot18UfE
Haij_xPUhiw,A BUS DRIVER AND A TRUCK DRIVER TEAM UP TO SAVE PASSENGERS ON A RUNAWAY BUS WITH NO BRAKES. 😍💞,112685,2026-08-28T23:30:26+00:00,18.0,,1161.0,newest,https://www.youtube.com/shorts/Haij_xPUhiw
I8Hx-hGMDik,Look at this baby deer finding a new tall friend 😍💞,73020,2026-08-28T22:30:23+00:00,9.0,,1010.0,newest,https://www.youtube.com/shorts/I8Hx-hGMDik
HbpXu9qzqJo,Thermal camera captures Crocodiles in Amazon at night. 💞😍,57143,2026-08-28T21:30:32+00:00,14.0,,789.0,newest,https://www.youtube.com/shorts/HbpXu9qzqJo
gLnairiCupM,Even a Boeing 747 couldn't ignore this wind 💨,36630,2026-08-28T19:30:12+00:00,10.0,,350.0,newest,https://www.youtube.com/shorts/gLnairiCupM
9EgJB_YW2bA,"She refused a helicopter rescue... then ended up winning $450,000 ❤️😍",27959,2026-08-28T18:30:23+00:00,34.0,,253.0,newest,https://www.youtube.com/shorts/9EgJB_YW2bA
fRYwXlJzBGA,😍🥰💞,15486,2026-08-28T17:30:34+00:00,8.0,,344.0,newest,https://www.youtube.com/shorts/fRYwXlJzBGA
i3YGciYdSJs,"""Working among a million seeds from an airplane in dry land: the most useless idea in the world?"" 😍",55700,2026-08-28T16:30:29+00:00,29.0,,691.0,newest,https://www.youtube.com/shorts/i3YGciYdSJs
fyiV87Ybndo,Do Owls Feel Affection Like Us? The Truth Behind Those Relaxed Moments ❤️,25596,2026-08-28T15:30:26+00:00,21.0,,623.0,newest,https://www.youtube.com/shorts/fyiV87Ybndo
kcY0L3SRtTI,She's so proud of her babies..❤️🥹,21648,2026-08-28T14:30:20+00:00,28.0,,681.0,newest,https://www.youtube.com/shorts/kcY0L3SRtTI
GwFDUEfPH7s,"Years Later, the Elephant Still Remembered His Human. 🥰",69451,2026-08-28T13:31:44+00:00,33.0,,1609.0,newest,https://www.youtube.com/shorts/GwFDUEfPH7s
ASJrlnWazdU,Bro cant explain his teelings but definitely his eyes can...!!❤️🥹,64364,2026-08-28T07:30:19+00:00,9.0,,1859.0,newest,https://www.youtube.com/shorts/ASJrlnWazdU
kxCgsBOvPfg,The Cutest Welcome Ever ❤️😍,127279,2026-08-28T01:30:33+00:00,15.0,,3003.0,newest,https://www.youtube.com/shorts/kxCgsBOvPfg
aVoZhmQMuGo,Baby holds baby 😍,108167,2026-08-28T00:30:28+00:00,12.0,,3527.0,newest,https://www.youtube.com/shorts/aVoZhmQMuGo
O19MN8hrMsU,Baby goats discover the world's fluffiest jungle gym ❤️😍,46640,2026-08-28T00:30:11+00:00,28.0,,989.0,newest,https://www.youtube.com/shorts/O19MN8hrMsU
sWNg_qKG4UA,Recuerda :Rendirse nunca es opción. ❤️😍,28152,2026-08-27T23:30:09+00:00,21.0,,762.0,newest,https://www.youtube.com/shorts/sWNg_qKG4UA
Xfo01HWCE5w,Something Feels Off 🥹❤️,80652,2026-08-27T18:33:40+00:00,13.0,,1347.0,newest,https://www.youtube.com/shorts/Xfo01HWCE5w
wAJEp67uZVk,She thought her baby didn't make it—until a tiny movement changed everything...😍❤️,33426,2026-08-27T02:30:04+00:00,12.0,,818.0,newest,https://www.youtube.com/shorts/wAJEp67uZVk
nm4oI7QKTu4,Can you reverse the spin with your mind 😍,73970,2026-08-27T01:30:10+00:00,10.0,,888.0,newest,https://www.youtube.com/shorts/nm4oI7QKTu4
UcobGdOta4k,Gravity acts downwards equally regardless of horizontal motion 😍❤️,99725,2026-08-27T00:30:35+00:00,7.0,,749.0,newest,https://www.youtube.com/shorts/UcobGdOta4k
JPIk09s50R0,This robot 3D prints itself to fit into tight spaces 😍,19551,2026-08-26T23:30:00+00:00,12.0,,141.0,newest,https://www.youtube.com/shorts/JPIk09s50R0
Dx1tVMHqc8k,"Before sensors existed, engineers had a pen, paper, and a steady hand. 😍",73925,2026-08-26T22:30:28+00:00,6.0,,511.0,newest,https://www.youtube.com/shorts/Dx1tVMHqc8k
oEV-bw_hFoM,"If you forget your suitese number lock, you can often unclock it by using this trick. ❤️😍",837605,2026-08-26T15:40:36+00:00,20.0,,9512.0,popular,https://www.youtube.com/shorts/oEV-bw_hFoM
n3e2DBjqjH4,The Sun Captured The Same Time Every dayFor A Year- 😍,1006060,2026-08-25T22:30:38+00:00,11.0,,11033.0,popular,https://www.youtube.com/shorts/n3e2DBjqjH4
WgTnRi0jkFM,Can Science Explain Where Does The Mass Go After Fire? 😍,520886,2026-08-24T18:30:15+00:00,19.0,,3488.0,popular,https://www.youtube.com/shorts/WgTnRi0jkFM
PUohYXm7buA,"No Matter How Advanced Human Technology Becomes, It Can Never Be More Complex, Then Nature 😍",717678,2026-08-23T02:30:28+00:00,13.0,,13780.0,popular,https://www.youtube.com/shorts/PUohYXm7buA
imAhUzFj4FE,"""Dicing with Death: Brave Young Girl's Heart-StoppingRun Across Wobbly Pillars Ends in Epic Victory",273182,2026-08-21T02:30:32+00:00,15.0,,5339.0,popular,https://www.youtube.com/shorts/imAhUzFj4FE
poPeqfK16Kk,Smart Engineering for Flood Control 💜😍,425158,2026-08-21T01:30:07+00:00,28.0,,6143.0,popular,https://www.youtube.com/shorts/poPeqfK16Kk
_fobvUjdNiE,"""This Unique Mushroom, Stores Water Underground Shipping it Slowly to Survive the Summer Heat 😍",297613,2026-08-20T01:30:13+00:00,9.0,,1528.0,popular,https://www.youtube.com/shorts/_fobvUjdNiE
4ehzQIb4GNc,The meeting of two waves creates one of the most mesmerizing moments of the sea 🌊,1290691,2026-08-18T05:30:25+00:00,22.0,,17770.0,popular,https://www.youtube.com/shorts/4ehzQIb4GNc
7Fa6csYEj0M,Russia Livable? Viral Video Shows Apartment Building Almost Completely Swallowed by Massive Snow,399846,2026-08-17T09:30:18+00:00,10.0,,3836.0,popular,https://www.youtube.com/shorts/7Fa6csYEj0M
QYd2PHRnlas,Have you ever witnessed the birth of a river 😍👀,1152348,2026-08-16T23:30:35+00:00,32.0,,36358.0,popular,https://www.youtube.com/shorts/QYd2PHRnlas
B9TybCLkh2c,A swan's takeoff is one of the most powerful sights in the bird world 🌍,332233,2026-08-14T21:30:37+00:00,36.0,,8345.0,popular,https://www.youtube.com/shorts/B9TybCLkh2c
Jgw64CbBULc,The Man trusted Bus'Indicator single on his own life 🥹❤️‍🩹,1563380,2026-08-14T18:30:20+00:00,44.0,,27143.0,popular,https://www.youtube.com/shorts/Jgw64CbBULc
yRv10bkjJSQ,This is how a mountain goat makes a quick getaway from mountain lions 🦁,295156,2026-08-14T14:30:30+00:00,12.0,,2451.0,popular,https://www.youtube.com/shorts/yRv10bkjJSQ
yg5nMaqDZMc,This Is The Trick To Find The Perfect Light For Photos 😍🤌,533134,2026-08-14T13:30:14+00:00,12.0,,6136.0,popular,https://www.youtube.com/shorts/yg5nMaqDZMc
CiIlU_7vNX4,This trick to clear flooded roads in seconds is actually genius. 😍🤌,1207019,2026-08-14T12:30:07+00:00,14.0,,8732.0,popular,https://www.youtube.com/shorts/CiIlU_7vNX4
v1PH_T-qaHw,Why border collies are used in police and military work 😍,2866585,2026-08-14T11:30:18+00:00,38.0,,92849.0,popular,https://www.youtube.com/shorts/v1PH_T-qaHw
7osdOaIAYAo,This is How Mosquitoes Are Born 😍,684573,2026-08-14T06:30:15+00:00,28.0,,6773.0,popular,https://www.youtube.com/shorts/7osdOaIAYAo
9q3MN4eXTTc,"""Smart Way Workers Fill Sand Bags on Site."" 😍🥹",1024136,2026-08-13T17:30:40+00:00,20.0,,11423.0,popular,https://www.youtube.com/shorts/9q3MN4eXTTc
VAp1qGOTQT4,"WHEN YOU ARE STRESSED, REMEMBER THAT IN CHINA THERE IS A 50-LANE HIGHWAY THAT NARROWS DOWN TO JUST 4",2205775,2026-08-13T16:12:48+00:00,13.0,,23228.0,popular,https://www.youtube.com/shorts/VAp1qGOTQT4
LTe-CDVUKXU,This is a total solar eclipse 😍,1029278,2026-08-13T12:30:37+00:00,21.0,,14638.0,popular,https://www.youtube.com/shorts/LTe-CDVUKXU
noGBnY1Wzis,Why Patients Play Rubik's Cube During Surgery 😍,807434,2026-08-13T10:30:12+00:00,17.0,,11598.0,popular,https://www.youtube.com/shorts/noGBnY1Wzis
_jnKneJ3Y_E,How CPR can save someone's life. 😍,273317,2026-08-13T07:30:15+00:00,24.0,,4981.0,popular,https://www.youtube.com/shorts/_jnKneJ3Y_E
z3FjecFvGVs,This is how metal detectorists find gold using a metal detector device 😍,24244435,2026-08-13T06:30:32+00:00,25.0,,500472.0,popular,https://www.youtube.com/shorts/z3FjecFvGVs
6G8pwBTZsTE,MY GOD! THE WATER LEVEL IS SCARY 😟,391346,2026-08-12T08:30:00+00:00,16.0,,7537.0,popular,https://www.youtube.com/shorts/6G8pwBTZsTE
cdMWhSNJWEo,he otter may never understand what happene ut its life was changed forever 🥺❤️‍🩹,432180,2026-08-11T22:30:35+00:00,12.0,,4456.0,popular,https://www.youtube.com/shorts/cdMWhSNJWEo
eSEVURbx8Ew,Bro I swear... my brain accepted it as real instantly ❤️‍🩹😍,854000,2026-07-28T09:30:35+00:00,15.0,,22151.0,popular,https://www.youtube.com/shorts/eSEVURbx8Ew
VCmXH3TjdzU,Nothing like mothers love 🥹❤️‍🩹,1154993,2026-07-27T17:30:09+00:00,48.0,,34606.0,popular,https://www.youtube.com/shorts/VCmXH3TjdzU
dg4VJjYKCN8,The automatic reaction of the baby's nervous system when he loses contact with his mother 🥹,318468,2026-07-11T10:30:30+00:00,24.0,,10208.0,popular,https://www.youtube.com/shorts/dg4VJjYKCN8
huPC8TtfF1A,How scary bird scream can actually be 😍😳,349907,2026-07-11T04:01:56+00:00,42.0,,12702.0,popular,https://www.youtube.com/shorts/huPC8TtfF1A
1BjJ2ODP2k0,You're Raising A Car Enthusiast 🥹❤️‍🩹,2690851,2026-07-08T06:30:26+00:00,15.0,,65654.0,popular,https://www.youtube.com/shorts/1BjJ2ODP2k0
6JJz9fICh5Q,"I WAS NEVER AFRAID OF THIS WORLD, UNTILI STARTED FOLLOWING THIS PAGE 😍",386071,2026-06-11T08:30:15+00:00,25.0,,9065.0,popular,https://www.youtube.com/shorts/6JJz9fICh5Q
QSe561bxehA,Your 5$ sim card is more valuable than u think 💭,573265,2026-06-11T02:44:01+00:00,21.0,,14651.0,popular,https://www.youtube.com/shorts/QSe561bxehA
1srR8u0XRWU,Even breathing too hard could ruin this entire masterpiece.. 😍,469498,2026-06-10T16:30:11+00:00,20.0,,4563.0,popular,https://www.youtube.com/shorts/1srR8u0XRWU
p7Yb6qEGD5Q,Sometimes people are using you until they don't need you anymore 🥹❤️‍🩹,555357,2026-06-10T00:30:34+00:00,21.0,,6561.0,popular,https://www.youtube.com/shorts/p7Yb6qEGD5Q
E9uWLNO6fJ8,The most underappreciated work of art in nature: Hormuz Rainbow Valley 🥹❤️‍🩹,5181870,2026-06-09T22:30:36+00:00,32.0,,81567.0,popular,https://www.youtube.com/shorts/E9uWLNO6fJ8
pg72_9GFAms,Now see how these operators demonstrate their skills 😍,23284339,2026-06-09T19:30:22+00:00,18.0,,185657.0,popular,https://www.youtube.com/shorts/pg72_9GFAms
_2tJZqCkf_0,This crow is building a luxury nest on someone else's budget 😍,290645,2026-06-09T07:30:21+00:00,10.0,,2704.0,popular,https://www.youtube.com/shorts/_2tJZqCkf_0
McXBhxSJyuQ,Didn't know that the pixels could be disconnected 😍,379533,2026-06-09T05:54:19+00:00,22.0,,4458.0,popular,https://www.youtube.com/shorts/McXBhxSJyuQ
gOqO3PGvB_U,Everything Is Fine Until The Camera Rotates Back 😍,956244,2026-06-08T08:30:23+00:00,12.0,,10905.0,popular,https://www.youtube.com/shorts/gOqO3PGvB_U
pak0PelWXJE,The unique sounds of birds 🦅,443473,2026-06-08T03:33:24+00:00,38.0,,5195.0,popular,https://www.youtube.com/shorts/pak0PelWXJE
sx60uJm6stc,The face when the window goes up is definitely acinematic masterpiece 😍,3589895,2026-06-07T12:30:16+00:00,11.0,,83277.0,popular,https://www.youtube.com/shorts/sx60uJm6stc
f_IU9s-QXbA,Blind Students Solving Physics Problems Like Pros 😍,4133569,2026-06-07T10:30:26+00:00,19.0,,63310.0,popular,https://www.youtube.com/shorts/f_IU9s-QXbA
75_i6W0IZTA,"Japan Built A 7-eleven With Zero Staff, Just 140Cameras, And Incredible Al Tracking! 😍",1178519,2026-06-07T09:30:22+00:00,6.0,,7482.0,popular,https://www.youtube.com/shorts/75_i6W0IZTA
y-6dc7UHBU8,Self-driving cars are evolving fast but are they ready? 😍,1359261,2026-06-07T04:30:27+00:00,18.0,,10366.0,popular,https://www.youtube.com/shorts/y-6dc7UHBU8
cTdjUOJCryQ,Destroyed Steel Input Shaft Repaired Perfectly 😍,3875584,2026-06-06T11:30:04+00:00,24.0,,33581.0,popular,https://www.youtube.com/shorts/cTdjUOJCryQ
0n60ylIBdyY,This is how forensic experts dust an area for fingerprints 😍,406049,2026-06-06T10:30:19+00:00,24.0,,4712.0,popular,https://www.youtube.com/shorts/0n60ylIBdyY
tCO_C5Dwhak,Wheat And Dust SeparateUsing Simple Physics. 😍,985628,2026-06-06T05:30:01+00:00,12.0,,5098.0,popular,https://www.youtube.com/shorts/tCO_C5Dwhak
tXK1AYMtmIk,Truck driver's trick: the bottles below the level of fuel 😍,1625052,2026-06-06T04:30:21+00:00,16.0,,5121.0,popular,https://www.youtube.com/shorts/tXK1AYMtmIk
0qGSpBMl4fY,Technologies are stealing jobs now 😍,289192,2026-06-05T15:30:17+00:00,33.0,,3146.0,popular,https://www.youtube.com/shorts/0qGSpBMl4fY
wl-GlVL4e_U,How the Patek Philippe Golden Ellipse bracelet is made 😍,2090924,2026-06-05T14:56:01+00:00,35.0,,39515.0,popular,https://www.youtube.com/shorts/wl-GlVL4e_U
HZxns02Xw8s,This car wash ripped off a Range Rover's automatic tailgate 😍,553034,2026-06-05T09:30:05+00:00,19.0,,2928.0,popular,https://www.youtube.com/shorts/HZxns02Xw8s
2S-kgiAThw0,Physics is truly Amazing. 🤩,322279,2026-06-05T07:30:16+00:00,7.0,,2522.0,popular,https://www.youtube.com/shorts/2S-kgiAThw0
ySfgA68NInM,This man makes shopping bags Non-stop everyday 😍,769724,2026-06-03T14:30:25+00:00,23.0,,4970.0,popular,https://www.youtube.com/shorts/ySfgA68NInM
OmPG5gpZMdA,Even a Boeing 747 couldn't ignore this wind 💨,2941700,2026-06-03T13:30:13+00:00,10.0,,31404.0,popular,https://www.youtube.com/shorts/OmPG5gpZMdA
zDpgX5g09qA,Pilot was more afraid of flying over the Amazon Than over the sea 😍,1625897,2026-06-03T09:30:11+00:00,21.0,,30010.0,popular,https://www.youtube.com/shorts/zDpgX5g09qA
n-WcCTGPEIY,These are the godfathers of tyres 😍,5403526,2026-06-02T18:30:22+00:00,17.0,,30520.0,popular,https://www.youtube.com/shorts/n-WcCTGPEIY
vaCNLYvWLv0,One finger bandage technique every medical student should know 😍,1521962,2026-06-02T17:30:12+00:00,8.0,,11954.0,popular,https://www.youtube.com/shorts/vaCNLYvWLv0
cePYhG6Gua4,Colorful swirls insidethe stone look hypnotic instantly 😍,1746792,2026-06-02T10:30:25+00:00,30.0,,22056.0,popular,https://www.youtube.com/shorts/cePYhG6Gua4
Kovprwejbwo,The world's most dangerous job 😍,1780196,2026-06-02T09:30:13+00:00,27.0,,18814.0,popular,https://www.youtube.com/shorts/Kovprwejbwo
fk_O8rEAv44,This Is Why You Never Skip Oil Change. 😍,1428540,2026-06-02T06:30:07+00:00,14.0,,7191.0,popular,https://www.youtube.com/shorts/fk_O8rEAv44
9b8ouVp4YFE,This is how you can easily pour liquid using physics: 😍,387488,2026-06-02T03:30:21+00:00,15.0,,3888.0,popular,https://www.youtube.com/shorts/9b8ouVp4YFE
ZqN38OyK1KI,How China's Smart Glass Instantly Switches from Opaque to Clear 😍,437021,2026-06-01T12:30:16+00:00,12.0,,1880.0,popular,https://www.youtube.com/shorts/ZqN38OyK1KI
n2tMDf9Iqb8,You won't believe how this simple process can be so dangerous in under a second 😍,1167019,2026-06-01T11:30:28+00:00,29.0,,7829.0,popular,https://www.youtube.com/shorts/n2tMDf9Iqb8
AmwyULUb0Kc,"This Turtle Ignores White, But Turns Aggressive When It Sees Black 🐢",589318,2026-06-01T08:30:37+00:00,16.0,,4501.0,popular,https://www.youtube.com/shorts/AmwyULUb0Kc
y7gJ5bXpgDw,When a hacker meets a developer. 😍,4978218,2026-06-01T05:30:23+00:00,40.0,,63986.0,popular,https://www.youtube.com/shorts/y7gJ5bXpgDw
cIw4nggeO1s,Your heart is not a block it is one long sheet of muscle folded. 😍,346611,2026-06-01T04:58:18+00:00,26.0,,3946.0,popular,https://www.youtube.com/shorts/cIw4nggeO1s
zGi8uX9_Z3Y,The importance of wearing closed-toe shoes in hospitals. 🏥,691873,2026-06-01T02:43:11+00:00,21.0,,4049.0,popular,https://www.youtube.com/shorts/zGi8uX9_Z3Y
Wp9KcbhkJNM,This is why Emirates repaints a $400 million A380 every 7 years 😍,850223,2026-06-01T02:36:37+00:00,31.0,,8075.0,popular,https://www.youtube.com/shorts/Wp9KcbhkJNM
EOanONr7jFY,Person working on the large cargo ship demonstrated danger by tossing corn 😍,967896,2026-05-31T10:30:04+00:00,12.0,,6061.0,popular,https://www.youtube.com/shorts/EOanONr7jFY
Itwe4VWNzpw,This Road Surface is Engineered with Porous Asphalt That absorbs Water in Seconds 😍,2464900,2026-05-31T09:30:03+00:00,16.0,,12021.0,popular,https://www.youtube.com/shorts/Itwe4VWNzpw
9L7tR3f7GaY,"No Mistake Allowed.If you know, You know 😍",566316,2026-05-31T08:30:37+00:00,26.0,,5398.0,popular,https://www.youtube.com/shorts/9L7tR3f7GaY
GKC-Uu0X-Pc,No one would have believed him without this video... 😍,12945518,2026-05-31T06:30:14+00:00,14.0,,113267.0,popular,https://www.youtube.com/shorts/GKC-Uu0X-Pc
oaJsZmL5QZI,This Bench Changes Shape to Fit Anyone Who Sits on It 😍,312018,2026-05-31T03:30:05+00:00,15.0,,1917.0,popular,https://www.youtube.com/shorts/oaJsZmL5QZI
tbabbN2CUJM,This Simple Tool Straightens Radiator Fins In Seconds 😍,419385,2026-05-30T19:30:04+00:00,8.0,,1170.0,popular,https://www.youtube.com/shorts/tbabbN2CUJM
VNZXFX4vPGw,This horse is protecting its owner from a cow while he tags the newborn calf 😍,2875992,2026-05-30T18:30:34+00:00,29.0,,63722.0,popular,https://www.youtube.com/shorts/VNZXFX4vPGw
fgPPBquee4o,This is how cotton is harvested directly from the plant 😍,724026,2026-05-30T16:30:03+00:00,12.0,,5680.0,popular,https://www.youtube.com/shorts/fgPPBquee4o
ObaFSS3z50Y,How clippers are cleaned 😍,2353287,2026-05-30T15:30:14+00:00,15.0,,11574.0,popular,https://www.youtube.com/shorts/ObaFSS3z50Y
_QAYbEicHTU,"""It's only 160HP? Must be slow"" 😍",1959194,2026-05-30T09:30:21+00:00,8.0,,10982.0,popular,https://www.youtube.com/shorts/_QAYbEicHTU
GcZgWpPODZc,"The boss told me, The hostel staff will deliver my luggage to the hostel for free. 😍",479915,2026-05-30T08:30:03+00:00,11.0,,3388.0,popular,https://www.youtube.com/shorts/GcZgWpPODZc
yiRDsxmPCJU,I was today years old when I found this out! 👋,19388947,2026-05-30T07:30:31+00:00,14.0,,227855.0,popular,https://www.youtube.com/shorts/yiRDsxmPCJU
ijchQtEG3eA,The artist made this 3D cube by the help of stapler pins 😍,9428337,2026-05-30T06:30:08+00:00,24.0,,155100.0,popular,https://www.youtube.com/shorts/ijchQtEG3eA
PWd7V6clnXg,He used 100% of his brain. 🧠,3725229,2026-05-30T04:30:38+00:00,19.0,,18552.0,popular,https://www.youtube.com/shorts/PWd7V6clnXg
Ub6gyP-IonU,Everything You See is Not Real. 😍,851302,2026-05-30T03:30:13+00:00,10.0,,3539.0,popular,https://www.youtube.com/shorts/Ub6gyP-IonU
kMmj3wPALf4,Mind-Bending Staple Physics Structure Defying Balance And Gravity Control 😍,392913,2026-05-29T10:30:31+00:00,14.0,,2393.0,popular,https://www.youtube.com/shorts/kMmj3wPALf4
3dNyqT03eGY,The Correct Karate Fist Most People Get.Wrong 😍,1743709,2026-05-29T08:30:32+00:00,16.0,,18350.0,popular,https://www.youtube.com/shorts/3dNyqT03eGY
8x9_sehF0Bo,Type of problems I want to have 😍,5642537,2026-05-29T06:30:08+00:00,24.0,,43051.0,popular,https://www.youtube.com/shorts/8x9_sehF0Bo
WM_UKMHDJXE,Horse broke the matrix and realized it was all an illusion 🥹❤️‍🩹,508110,2026-05-29T04:30:30+00:00,6.0,,2048.0,popular,https://www.youtube.com/shorts/WM_UKMHDJXE
WrSO_0JrFns,That spiral cafe design looks unbelievably creative and peaceful 😍,2215043,2026-05-29T03:30:19+00:00,16.0,,43228.0,popular,https://www.youtube.com/shorts/WrSO_0JrFns
r0kk5L-wu_o,THIS DESIER IS VACCIOUS...Haste that China will change everything 😍,688839,2026-05-29T02:35:44+00:00,15.0,,6295.0,popular,https://www.youtube.com/shorts/r0kk5L-wu_o
xGgQay7intU,Bro pulled the biggest never mind ever 😂😍,508578,2026-05-28T08:30:12+00:00,27.0,,4899.0,popular,https://www.youtube.com/shorts/xGgQay7intU
5ELqwuWHr7Q,"""How Centrifugal Force Causes Tire To Expand At Extreme Speed 😍",520652,2026-05-28T07:30:25+00:00,14.0,,3014.0,popular,https://www.youtube.com/shorts/5ELqwuWHr7Q
lHheNyEAB74,Never touch a running system... ❤️‍🩹,1017878,2026-05-28T05:30:09+00:00,6.0,,4641.0,popular,https://www.youtube.com/shorts/lHheNyEAB74
r04BsNlKywg,HOW A BOWLING ALLEY ACTUALLY WORKS ❤️‍🩹,2850731,2026-05-28T04:30:22+00:00,21.0,,16005.0,popular,https://www.youtube.com/shorts/r04BsNlKywg
E6PfYA0EMtE,Man Turns Car Into Mobile Gas Station to Beat Skyrocketing Fuel Prices - 🥹❤️‍🩹,2848725,2026-05-28T03:30:25+00:00,11.0,,34851.0,popular,https://www.youtube.com/shorts/E6PfYA0EMtE
CrcKiHP3CvI,This track is so Sticky; it can literally tear your Shoe apart 😍,15159092,2026-05-27T11:30:10+00:00,35.0,,124804.0,popular,https://www.youtube.com/shorts/CrcKiHP3CvI
T65jeoDf-zg,This is how architects are choosen 😍,814114,2026-05-27T10:30:23+00:00,32.0,,8524.0,popular,https://www.youtube.com/shorts/T65jeoDf-zg
rJiCvY3TukI,The Art Of Triple Jump 16.51 Meter 😍,6290474,2026-05-27T09:30:07+00:00,26.0,,69683.0,popular,https://www.youtube.com/shorts/rJiCvY3TukI
bMI9TZfxYqg,Every country builds on the ground.Japan builds above it! 😍,7410931,2026-05-27T08:30:07+00:00,23.0,,46137.0,popular,https://www.youtube.com/shorts/bMI9TZfxYqg
G8jzkN8SDYg,Giant floating marble sphere! 😍,3415457,2026-05-27T06:30:38+00:00,21.0,,12671.0,popular,https://www.youtube.com/shorts/G8jzkN8SDYg
n02V1mwAMbM,￼ A person living in a tower in the middle of the sea 🌊,14259149,2026-05-27T05:30:10+00:00,24.0,,152933.0,popular,https://www.youtube.com/shorts/n02V1mwAMbM
gP3IxzZKLL0,Water fight with firefighters 😍,22000000,,,,,popular,https://www.youtube.com/shorts/gP3IxzZKLL0
VQ61fcFpg0k,Watching old billiard balls get restored is so satisfying ❤️‍🩹😍,1758413,2026-05-27T02:30:23+00:00,22.0,,7948.0,popular,https://www.youtube.com/shorts/VQ61fcFpg0k
xOewaX-ub20,When Volvo Proved Their Truck Was So PreciseEven A Hamster Could Steer It 😍,3740268,2026-05-27T01:41:34+00:00,26.0,,33727.0,popular,https://www.youtube.com/shorts/xOewaX-ub20
LVsI_HouMjk,When Autopilot sees the wrong thing ❤️‍🩹🥹,2700000,,,,,popular,https://www.youtube.com/shorts/LVsI_HouMjk
zr2TKxMiTk8,Amazing pool wave with 2 POVs 😍,7894986,2026-05-26T05:30:14+00:00,16.0,,85998.0,popular,https://www.youtube.com/shorts/zr2TKxMiTk8
eYOVe-E5DAA,Bentley Staff Spay Paint And Flame One Of Their Cars To Show How Their Paint Protection Product Work,589000,,,,,popular,https://www.youtube.com/shorts/eYOVe-E5DAA
TgmL5LDnZ0A,Passengers Spotted Something StrangeAbove the Clouds 😍,17000000,,,,,popular,https://www.youtube.com/shorts/TgmL5LDnZ0A
r3x1iewqFFc,Had to McRomance the drive thru...❤️‍🩹🥹,1292194,2026-05-26T02:30:29+00:00,17.0,,11422.0,popular,https://www.youtube.com/shorts/r3x1iewqFFc
qkWYNz_pexs,Real He minions 😂❤️‍🩹,8246856,2026-05-25T17:30:06+00:00,18.0,,82351.0,popular,https://www.youtube.com/shorts/qkWYNz_pexs
_gOkHlforeo,BMW ALPINA new concept car feels it came straight from future 😍❤️‍🩹,15000000,,,,,popular,https://www.youtube.com/shorts/_gOkHlforeo
mltKU3dOKZY,This is how color and camera exposure affect skin tones 🥹❤️‍🩹,5010715,2026-05-25T07:30:11+00:00,13.0,,35565.0,popular,https://www.youtube.com/shorts/mltKU3dOKZY
Pxj8ralkgak,Woman proud she mounted her TV until she turned it on 🥹❤️‍🩹,12033310,2026-05-25T06:30:07+00:00,24.0,,79516.0,popular,https://www.youtube.com/shorts/Pxj8ralkgak
_IX55BbeAFM,I've been using rulers wrong my whole life 😍,20000000,,,,,popular,https://www.youtube.com/shorts/_IX55BbeAFM
n3YKioVU6w0,Bro is either unemployed or engineer 😍,3716830,2026-05-25T04:30:13+00:00,22.0,,48035.0,popular,https://www.youtube.com/shorts/n3YKioVU6w0
clw0D4JaS7g,This is a horse-drawn sickle bar mower from the late 1800s 😍,2100000,,,,,popular,https://www.youtube.com/shorts/clw0D4JaS7g
uNDvBdneSF0,"Incompetent good people are the most troublesome, aren't they? ❤️‍🩹🥹",4900000,,,,,popular,https://www.youtube.com/shorts/uNDvBdneSF0
b_cOHl4ewfk,Two giant turtles have been fighting each other for more than 186 years 😭,19000000,,,,,popular,https://www.youtube.com/shorts/b_cOHl4ewfk
k2xrsTzAYxs,I Am Shocked That Such A Key Exists... 😍,446000,,,,,popular,https://www.youtube.com/shorts/k2xrsTzAYxs
PH9nX3tR2Ck,"worker uses lubricant and his own weight to fit three tires into one, creating a 4-in-1 pack that",543000,,,,,popular,https://www.youtube.com/shorts/PH9nX3tR2Ck
WwdNqKDSdkQ,The ingenious structure helping fish swim upstream ❤️‍🩹,1400000,,,,,popular,https://www.youtube.com/shorts/WwdNqKDSdkQ
